﻿Designator,Footprint,Quantity,Value,LCSC Part #
"C1, C2, C3",1206,3,1uF,
"C12, C4, C8",1210,3,100uF,
C5,0603,1,680pF,
"D1, D2",0603,2,LED,
"D11, D12, D13, D14, D15, D16, D17",D_SOD-323,7,3.3v,
"D3, D4",0805,2,LED,
D5,D_SMA,1,D,
J1,"TerminalBlock_Phoenix_PT-1,5-10-5.0-H_1x10_P5.00mm_Horizontal",1,Screw_Terminal_01x10,
J2,JST_XH_B6B-XH-A_1x06_P2.50mm_Vertical,1,Motor Connector,
J3,"TerminalBlock_Phoenix_MKDS-1,5-2_1x02_P5.00mm_Horizontal",1,Screw_Terminal_01x02,
"Q1, Q2",SOT-23,2,AO3400A,
"Q3, Q4",SOT-23,2,DMP3130LQ-7,
"Q5, Q6",SOT-23,2,MMBT3904,
"R1, R2",0603,2,330Ω,
"R10, R12, R13, R15, R16, R18, R19, R26, R29, R3, R35, R37, R4, R5, R6, R8",0603,16,10k,
"R11, R17",0603,2,5.1k,
R14,0603,1,47k,
R24,0603,1,6.2k,
R25,0603,1,13k,
"R27, R31",0603,2,110kΩ,
"R28, R30",0603,2,2.2kΩ,
"R7, R9",0603,2,1k,
RV1,Potentiometer_Bourns_3314J_Vertical,1,10k,
SW1,DIP_1x01_3.5_6.2mm,1,SW_DIP_x01,
TP1,TestPoint_Loop_D2.50mm_Drill1.0mm,1,Spd(0-3.3),
TP10,TestPoint_Loop_D2.50mm_Drill1.0mm,1,CW0,
TP11,TestPoint_Loop_D2.50mm_Drill1.0mm,1,CCW1,
TP2,TestPoint_Loop_D2.50mm_Drill1.0mm,1,10v,
TP3,TestPoint_Loop_D2.50mm_Drill1.0mm,1,5v,
TP4,TestPoint_Loop_D2.50mm_Drill1.0mm,1,S0,
TP5,TestPoint_Loop_D2.50mm_Drill1.0mm,1,S1,
TP6,TestPoint_Loop_D2.50mm_Drill1.0mm,1,Q3,
TP7,TestPoint_Loop_D2.50mm_Drill1.0mm,1,Q4,
TP8,TestPoint_Loop_D2.50mm_Drill1.0mm,1,CCW0,
TP9,TestPoint_Loop_D2.50mm_Drill1.0mm,1,CW1,
U1,RaspberryPi_Pico,1,Pico,
U10,SOT-23-5,1,SN74LVC1G14DBV,
"U12, U13",SOT-23-5,2,SN74LVC1G32,
"U2, U3, U4, U8, U9",SOT-23-5,5,74LVC1G08GV,
U5,SO-14_5.4_P1.27,1,OPA4197,
U6,SOT-89-3,1,LM7810,
U7,SOT-89-3,1,LM78L05,
